feature,importance
rolling_std_7,0.04062913543555595
rolling_mean_7,0.05741122677912971
performance_ratio,0.07386497735345396
z_score,0.07549485197826347
daily_yield_kwh,0.13591699044909317
pct_dev_from_fleet,0.1810635078443613
day_change_pct,0.21575853246459495
ratio_to_rollmean,0.2198607776955476
